ID,City,Area,Name,Cuisine,Category,Meal Tags,Breakfast,Lunch,Dinner,Cafe/Dessert,Michelin,Tabelog Research,GF Confidence,Lactose-Free Confidence,Price,Reservation,Must Order / Experience,Notes,Priority,Status,Favorite,Reservation Status,Opening Hours Check,Open Early,Google Maps Link,Tabelog Link,Michelin Source,Official / Booking Link,Last Checked,Dietary Note
TO-001,Tokyo,Akasaka,FARO,Italian / Japanese,Italian / Japanese,"Lunch,Dinner",No,Yes,Yes,No,1★ / MICHELIN Guide,Tabelog candidate,Advance request required,Advance request required,¥¥¥¥,Required,Vegetable-forward tasting menu,Strong fine-dining candidate for dietary requests.,Top pick,Research,No,Not booked,Verify live,No,https://www.google.com/maps/search/?api=1&query=FARO+Tokyo+Japan,https://tabelog.com/en/rstLst/?sk=FARO,https://guide.michelin.com/us/en/tokyo-region/tokyo/restaurants,,2026-07-23,Gluten-free and lactose-free accommodation must be reconfirmed directly; cross-contact is not assumed safe.
TO-002,Tokyo,Minami-Aoyama,NARISAWA,Innovative Japanese,Innovative Japanese,"Lunch,Dinner",No,Yes,Yes,No,2★ / MICHELIN Guide,Tabelog highly rated,Confirm before booking,Confirm before booking,¥¥¥¥,Required,Satoyama-inspired tasting menu,Only book after written dietary confirmation.,Bucket list,Research,No,Not booked,Verify live,No,https://www.google.com/maps/search/?api=1&query=NARISAWA+Tokyo+Japan,https://tabelog.com/en/rstLst/?sk=NARISAWA,https://guide.michelin.com/us/en/tokyo-region/tokyo/restaurants,,2026-07-23,Gluten-free and lactose-free accommodation must be reconfirmed directly; cross-contact is not assumed safe.
TO-003,Tokyo,Ginza,L'Effervescence,French / Japanese,French / Japanese,"Lunch,Dinner",No,Yes,Yes,No,3★ / MICHELIN Guide,Tabelog highly rated,Confirm before booking,Confirm before booking,¥¥¥¥,Required,Chef's tasting menu,High-end; restrictions must be disclosed at booking.,Bucket list,Research,No,Not booked,Verify live,No,https://www.google.com/maps/search/?api=1&query=L%27Effervescence+Tokyo+Japan,https://tabelog.com/en/rstLst/?sk=L%27Effervescence,https://guide.michelin.com/us/en/tokyo-region/tokyo/restaurants,,2026-07-23,Gluten-free and lactose-free accommodation must be reconfirmed directly; cross-contact is not assumed safe.
TO-004,Tokyo,Marunouchi,SÉZANNE,French,French,"Lunch,Dinner",No,Yes,Yes,No,3★ / MICHELIN Guide,Tabelog highly rated,Confirm before booking,Confirm before booking,¥¥¥¥,Required,Tasting menu,Luxury option; dairy commonly appears in French cuisine.,Bucket list,Research,No,Not booked,Verify live,No,https://www.google.com/maps/search/?api=1&query=S%C3%89ZANNE+Tokyo+Japan,https://tabelog.com/en/rstLst/?sk=S%C3%89ZANNE,https://guide.michelin.com/us/en/tokyo-region/tokyo/restaurants,,2026-07-23,Gluten-free and lactose-free accommodation must be reconfirmed directly; cross-contact is not assumed safe.
TO-005,Tokyo,Azabudai,Florilège,Contemporary,Contemporary,"Lunch,Dinner",No,Yes,Yes,No,2★ / MICHELIN Guide,Tabelog highly rated,Confirm before booking,Confirm before booking,¥¥¥¥,Required,Counter tasting menu,Creative menu; ask about soy sauce and butter.,Top pick,Research,No,Not booked,Verify live,No,https://www.google.com/maps/search/?api=1&query=Floril%C3%A8ge+Tokyo+Japan,https://tabelog.com/en/rstLst/?sk=Floril%C3%A8ge,https://guide.michelin.com/us/en/tokyo-region/tokyo/restaurants,,2026-07-23,Gluten-free and lactose-free accommodation must be reconfirmed directly; cross-contact is not assumed safe.
TO-006,Tokyo,Asakusa,Onigiri Asakusa Yadoroku,Onigiri,Rice / Breakfast,"Breakfast,Lunch",Yes,Yes,No,No,Bib Gourmand / MICHELIN Guide,Tabelog popular,Good candidate; verify fillings and soy,Usually easy; verify fillings,¥,Queue,Onigiri set,Excellent simple rice-based breakfast/lunch candidate.,Top pick,Research,No,Not booked,Verify live,Yes,https://www.google.com/maps/search/?api=1&query=Onigiri+Asakusa+Yadoroku+Tokyo+Japan,https://tabelog.com/en/rstLst/?sk=Onigiri+Asakusa+Yadoroku,https://guide.michelin.com/us/en/tokyo-region/tokyo/restaurants,,2026-07-23,Gluten-free and lactose-free accommodation must be reconfirmed directly; cross-contact is not assumed safe.
TO-007,Tokyo,Roppongi,Gluten Free T's Kitchen,Gluten-free Japanese,GF Specialist,"Lunch,Dinner",No,Yes,Yes,No,—,Tabelog GF specialist,GF-focused restaurant,Many lactose-free options; confirm dish,¥¥,Recommended,"Okonomiyaki, ramen, karaage",One of the strongest practical dietary anchors.,Top pick,Research,No,Not booked,Verify live,No,https://www.google.com/maps/search/?api=1&query=Gluten+Free+T%27s+Kitchen+Tokyo+Japan,https://tabelog.com/en/rstLst/?sk=Gluten+Free+T%27s+Kitchen,,,2026-07-23,Gluten-free and lactose-free accommodation must be reconfirmed directly; cross-contact is not assumed safe.
TO-008,Tokyo,Shibuya,Where is a Dog?,Gluten-free cafe,GF Specialist,"Breakfast,Lunch,Cafe,Dessert",Yes,Yes,No,Yes,—,Tabelog GF candidate,GF-focused; verify current menu,Good options; verify,¥¥,No/varies,Pancakes / café plate,Useful breakfast and café option.,Top pick,Research,No,Not booked,Verify live,Yes,https://www.google.com/maps/search/?api=1&query=Where+is+a+Dog%3F+Tokyo+Japan,https://tabelog.com/en/rstLst/?sk=Where+is+a+Dog%3F,,,2026-07-23,Gluten-free and lactose-free accommodation must be reconfirmed directly; cross-contact is not assumed safe.
TO-009,Tokyo,Kichijoji,Little Bird,Gluten-free cafe,GF Specialist,"Breakfast,Lunch,Cafe,Dessert",Yes,Yes,No,Yes,—,Tabelog GF candidate,GF-focused; verify current menu,Good options; verify,¥¥,No/varies,Rice-flour sweets / lunch plate,Good pairing with Ghibli/Kichijoji day.,Top pick,Research,No,Not booked,Verify live,Yes,https://www.google.com/maps/search/?api=1&query=Little+Bird+Tokyo+Japan,https://tabelog.com/en/rstLst/?sk=Little+Bird,,,2026-07-23,Gluten-free and lactose-free accommodation must be reconfirmed directly; cross-contact is not assumed safe.
TO-010,Tokyo,Ginza,Sushi Kanesaka,Sushi,Sushi,"Lunch,Dinner",No,Yes,Yes,No,MICHELIN Guide selection,Tabelog highly rated,Confirm GF soy sauce and seasoning,Naturally low dairy,¥¥¥¥,Required,Edomae omakase,Sushi can work well if wheat-containing soy/marinades are addressed.,Top pick,Research,No,Not booked,Verify live,No,https://www.google.com/maps/search/?api=1&query=Sushi+Kanesaka+Tokyo+Japan,https://tabelog.com/en/rstLst/?sk=Sushi+Kanesaka,https://guide.michelin.com/us/en/tokyo-region/tokyo/restaurants,,2026-07-23,Gluten-free and lactose-free accommodation must be reconfirmed directly; cross-contact is not assumed safe.
TO-011,Tokyo,Ginza,Sushi Yoshitake,Sushi,Sushi,Dinner,No,No,Yes,No,2★ / MICHELIN Guide,Tabelog highly rated,Confirm before booking,Naturally low dairy,¥¥¥¥,Required,Omakase,Strict cancellation and dietary policies likely.,Bucket list,Research,No,Not booked,Verify live,No,https://www.google.com/maps/search/?api=1&query=Sushi+Yoshitake+Tokyo+Japan,https://tabelog.com/en/rstLst/?sk=Sushi+Yoshitake,https://guide.michelin.com/us/en/tokyo-region/tokyo/restaurants,,2026-07-23,Gluten-free and lactose-free accommodation must be reconfirmed directly; cross-contact is not assumed safe.
TO-012,Tokyo,Ginza,Harutaka,Sushi,Sushi,Dinner,No,No,Yes,No,MICHELIN Guide selection,Tabelog highly rated,Confirm before booking,Naturally low dairy,¥¥¥¥,Required,Omakase,"Ask about soy sauce, vinegar, and marinated items.",Bucket list,Research,No,Not booked,Verify live,No,https://www.google.com/maps/search/?api=1&query=Harutaka+Tokyo+Japan,https://tabelog.com/en/rstLst/?sk=Harutaka,https://guide.michelin.com/us/en/tokyo-region/tokyo/restaurants,,2026-07-23,Gluten-free and lactose-free accommodation must be reconfirmed directly; cross-contact is not assumed safe.
TO-013,Tokyo,Nihonbashi,GINZA HACHIGO,Ramen,Ramen,Lunch,No,Yes,No,No,MICHELIN Guide / verify distinction,Tabelog highly rated,Usually not GF,Often dairy-free but verify broth,¥¥,Queue/Reservation,Signature ramen,Not a practical GF choice; included for group options.,Consider,Research,No,Not booked,Verify live,No,https://www.google.com/maps/search/?api=1&query=GINZA+HACHIGO+Tokyo+Japan,https://tabelog.com/en/rstLst/?sk=GINZA+HACHIGO,https://guide.michelin.com/us/en/tokyo-region/tokyo/restaurants,,2026-07-23,Gluten-free and lactose-free accommodation must be reconfirmed directly; cross-contact is not assumed safe.
TO-014,Tokyo,Tokyo Station,Soranoiro NIPPON,Ramen,Ramen,"Breakfast,Lunch,Dinner",Yes,Yes,Yes,No,—,Tabelog popular,GF noodle option reported; verify current menu,Verify broth and toppings,¥¥,No,Gluten-free ramen option,Convenient arrival/departure backup.,Top pick,Research,No,Not booked,Verify live,Yes,https://www.google.com/maps/search/?api=1&query=Soranoiro+NIPPON+Tokyo+Japan,https://tabelog.com/en/rstLst/?sk=Soranoiro+NIPPON,,,2026-07-23,Gluten-free and lactose-free accommodation must be reconfirmed directly; cross-contact is not assumed safe.
TO-015,Tokyo,Ebisu,AFURI,Ramen,Ramen,"Lunch,Dinner",No,Yes,Yes,No,—,Tabelog popular,Usually not GF; some locations may have alternative noodles,Verify broth/toppings,¥¥,No,Yuzu shio ramen,Useful for other travelers; not a GF anchor.,Consider,Research,No,Not booked,Verify live,No,https://www.google.com/maps/search/?api=1&query=AFURI+Tokyo+Japan,https://tabelog.com/en/rstLst/?sk=AFURI,,,2026-07-23,Gluten-free and lactose-free accommodation must be reconfirmed directly; cross-contact is not assumed safe.
TO-016,Tokyo,Shinjuku,Gyukatsu Motomura,Gyukatsu,Gyukatsu,"Lunch,Dinner",No,Yes,Yes,No,—,Tabelog popular,Not GF in standard form,Usually low dairy; verify batter/sauce,¥¥,Queue,Gyukatsu,From the user's Japan Tips; standard breading contains gluten.,Group option,Research,No,Not booked,Verify live,No,https://www.google.com/maps/search/?api=1&query=Gyukatsu+Motomura+Tokyo+Japan,https://tabelog.com/en/rstLst/?sk=Gyukatsu+Motomura,,,2026-07-23,Gluten-free and lactose-free accommodation must be reconfirmed directly; cross-contact is not assumed safe.
TO-017,Tokyo,Shinjuku,Mo-Mo-Paradise Kabukicho,Shabu-shabu,Shabu-shabu,"Lunch,Dinner",No,Yes,Yes,No,—,Tabelog popular,Potentially adaptable; verify sauces/broth,Usually adaptable,¥¥¥,Recommended,Shabu-shabu,From the user's Japan Tips; request plain broth/meat/vegetables.,Group option,Research,No,Not booked,Verify live,No,https://www.google.com/maps/search/?api=1&query=Mo-Mo-Paradise+Kabukicho+Tokyo+Japan,https://tabelog.com/en/rstLst/?sk=Mo-Mo-Paradise+Kabukicho,,,2026-07-23,Gluten-free and lactose-free accommodation must be reconfirmed directly; cross-contact is not assumed safe.
TO-018,Tokyo,Toyosu,Wagyu to Worldwide,Wagyu burger,Wagyu burger,"Lunch,Dinner",No,Yes,Yes,No,—,Tabelog candidate,Standard bun/sauces not GF,Cheese can be omitted,¥¥,No/varies,Wagyu burger,From the user's Japan Tips; ask about bun-free preparation.,Group option,Research,No,Not booked,Verify live,No,https://www.google.com/maps/search/?api=1&query=Wagyu+to+Worldwide+Tokyo+Japan,https://tabelog.com/en/rstLst/?sk=Wagyu+to+Worldwide,,,2026-07-23,Gluten-free and lactose-free accommodation must be reconfirmed directly; cross-contact is not assumed safe.
TO-019,Tokyo,Akasaka,Akasaka Kikunoi,Kaiseki,Kaiseki,"Lunch,Dinner",No,Yes,Yes,No,2★ / MICHELIN Guide,Tabelog highly rated,Confirm before booking,Confirm before booking,¥¥¥¥,Required,Kaiseki,Convenient to Akasaka base; ideal only with written accommodation.,Bucket list,Research,No,Not booked,Verify live,No,https://www.google.com/maps/search/?api=1&query=Akasaka+Kikunoi+Tokyo+Japan,https://tabelog.com/en/rstLst/?sk=Akasaka+Kikunoi,https://guide.michelin.com/us/en/tokyo-region/tokyo/restaurants,,2026-07-23,Gluten-free and lactose-free accommodation must be reconfirmed directly; cross-contact is not assumed safe.
TO-020,Tokyo,Ginza,GINZA KUKI,Japanese,Japanese,Dinner,No,No,Yes,No,MICHELIN Guide selection,Tabelog candidate,Confirm before booking,Confirm before booking,¥¥¥,Required,Fermentation-focused menu,"Potentially interesting, but soy/miso requires careful checking.",Top pick,Research,No,Not booked,Verify live,No,https://www.google.com/maps/search/?api=1&query=GINZA+KUKI+Tokyo+Japan,https://tabelog.com/en/rstLst/?sk=GINZA+KUKI,https://guide.michelin.com/us/en/tokyo-region/tokyo/restaurants,,2026-07-23,Gluten-free and lactose-free accommodation must be reconfirmed directly; cross-contact is not assumed safe.
TO-021,Tokyo,Shinjuku,Tokyo Mentsudan,Udon,Udon,"Lunch,Dinner",No,Yes,Yes,No,—,Tabelog popular,Not GF,Likely dairy-free,¥,No,Sanuki udon,"Budget group option, not suitable for GF diner.",Group option,Research,No,Not booked,Verify live,No,https://www.google.com/maps/search/?api=1&query=Tokyo+Mentsudan+Tokyo+Japan,https://tabelog.com/en/rstLst/?sk=Tokyo+Mentsudan,,,2026-07-23,Gluten-free and lactose-free accommodation must be reconfirmed directly; cross-contact is not assumed safe.
TO-022,Tokyo,Asakusa,Suke6 Diner,Cafe,Cafe,"Breakfast,Lunch,Cafe",Yes,Yes,No,Yes,—,Tabelog popular,Limited GF; ask,Plant milk/omit dairy likely,¥¥,No,Breakfast plate / coffee,Early breakfast atmosphere near Asakusa.,Consider,Research,No,Not booked,Verify live,Yes,https://www.google.com/maps/search/?api=1&query=Suke6+Diner+Tokyo+Japan,https://tabelog.com/en/rstLst/?sk=Suke6+Diner,,,2026-07-23,Gluten-free and lactose-free accommodation must be reconfirmed directly; cross-contact is not assumed safe.
TO-023,Tokyo,Shibuya,BUY ME STAND,Cafe / Sandwiches,Cafe,"Breakfast,Lunch,Cafe",Yes,Yes,No,Yes,—,Tabelog popular,Not reliably GF,Can omit cheese on some items,¥¥,No,Breakfast sandwich,Stylish breakfast for other travelers.,Consider,Research,No,Not booked,Verify live,Yes,https://www.google.com/maps/search/?api=1&query=BUY+ME+STAND+Tokyo+Japan,https://tabelog.com/en/rstLst/?sk=BUY+ME+STAND,,,2026-07-23,Gluten-free and lactose-free accommodation must be reconfirmed directly; cross-contact is not assumed safe.
TO-024,Tokyo,Ginza,Tsukiji Outer Market seafood stalls,Seafood / Market,Market,"Breakfast,Lunch",Yes,Yes,No,No,—,Tabelog area research,Choose plain sashimi/grilled seafood; verify sauces,Mostly easy if plain,¥-¥¥¥,No,"Sashimi, grilled seafood",Treat individual stalls separately; carry allergy card.,Top pick,Research,No,Not booked,Verify live,Yes,https://www.google.com/maps/search/?api=1&query=Tsukiji+Outer+Market+seafood+stalls+Tokyo+Japan,https://tabelog.com/en/rstLst/?sk=Tsukiji+Outer+Market+seafood+stalls,,,2026-07-23,Gluten-free and lactose-free accommodation must be reconfirmed directly; cross-contact is not assumed safe.
TO-025,Tokyo,Toyosu,Daiwa Sushi,Sushi,Sushi / Breakfast,"Breakfast,Lunch",Yes,Yes,No,No,—,Tabelog highly rated,Confirm soy sauce/marinades,Naturally low dairy,¥¥¥,Queue,Sushi breakfast,Early market experience; dietary communication may be limited.,Consider,Research,No,Not booked,Verify live,Yes,https://www.google.com/maps/search/?api=1&query=Daiwa+Sushi+Tokyo+Japan,https://tabelog.com/en/rstLst/?sk=Daiwa+Sushi,,,2026-07-23,Gluten-free and lactose-free accommodation must be reconfirmed directly; cross-contact is not assumed safe.
TO-026,Tokyo,Toyosu,Sushi Dai,Sushi,Sushi / Breakfast,"Breakfast,Lunch",Yes,Yes,No,No,—,Tabelog highly rated,Confirm soy sauce/marinades,Naturally low dairy,¥¥¥,Long queue,Sushi breakfast,Famous but time-intensive.,Consider,Research,No,Not booked,Verify live,Yes,https://www.google.com/maps/search/?api=1&query=Sushi+Dai+Tokyo+Japan,https://tabelog.com/en/rstLst/?sk=Sushi+Dai,,,2026-07-23,Gluten-free and lactose-free accommodation must be reconfirmed directly; cross-contact is not assumed safe.
TO-027,Tokyo,Ginza,GINZA WEST,Cafe / Dessert,Cafe,"Breakfast,Lunch,Cafe,Dessert",Yes,Yes,No,Yes,—,Tabelog classic,Limited GF,Not LF by default,¥¥,No,Pancakes / cakes,Classic café for companions; not dietary-safe without confirmation.,Consider,Research,No,Not booked,Verify live,Yes,https://www.google.com/maps/search/?api=1&query=GINZA+WEST+Tokyo+Japan,https://tabelog.com/en/rstLst/?sk=GINZA+WEST,,,2026-07-23,Gluten-free and lactose-free accommodation must be reconfirmed directly; cross-contact is not assumed safe.
TO-028,Tokyo,Aoyama,Blue Bottle Coffee Aoyama,Coffee,Coffee,"Breakfast,Cafe",Yes,No,No,Yes,—,Tabelog popular,Packaged items vary; coffee itself GF,Plant milk available; verify,¥,No,Coffee,Reliable early coffee stop.,Backup,Research,No,Not booked,Verify live,Yes,https://www.google.com/maps/search/?api=1&query=Blue+Bottle+Coffee+Aoyama+Tokyo+Japan,https://tabelog.com/en/rstLst/?sk=Blue+Bottle+Coffee+Aoyama,,,2026-07-23,Gluten-free and lactose-free accommodation must be reconfirmed directly; cross-contact is not assumed safe.
TO-029,Tokyo,Shibuya,Fuglen Tokyo,Coffee / Cafe,Coffee,"Breakfast,Cafe",Yes,No,No,Yes,—,Tabelog popular,Food varies,Plant milk typically available; verify,¥,No,Coffee,Good morning coffee near Shibuya.,Consider,Research,No,Not booked,Verify live,Yes,https://www.google.com/maps/search/?api=1&query=Fuglen+Tokyo+Tokyo+Japan,https://tabelog.com/en/rstLst/?sk=Fuglen+Tokyo,,,2026-07-23,Gluten-free and lactose-free accommodation must be reconfirmed directly; cross-contact is not assumed safe.
TO-030,Tokyo,Jimbocho,Glitch Coffee & Roasters,Coffee,Coffee,"Breakfast,Cafe",Yes,No,No,Yes,—,Tabelog highly rated,Coffee GF; pastries vary,Black coffee safe; plant milk varies,¥¥,No,Single-origin coffee,Destination coffee stop.,Top pick,Research,No,Not booked,Verify live,Yes,https://www.google.com/maps/search/?api=1&query=Glitch+Coffee+%26+Roasters+Tokyo+Japan,https://tabelog.com/en/rstLst/?sk=Glitch+Coffee+%26+Roasters,,,2026-07-23,Gluten-free and lactose-free accommodation must be reconfirmed directly; cross-contact is not assumed safe.
TO-031,Tokyo,Omotesando,KOFFEE MAMEYA,Coffee,Coffee,Cafe,No,No,No,Yes,—,Tabelog highly rated,Coffee GF,Black coffee LF,¥¥,Queue,Coffee tasting,Compact specialty coffee experience.,Top pick,Research,No,Not booked,Verify live,No,https://www.google.com/maps/search/?api=1&query=KOFFEE+MAMEYA+Tokyo+Japan,https://tabelog.com/en/rstLst/?sk=KOFFEE+MAMEYA,,,2026-07-23,Gluten-free and lactose-free accommodation must be reconfirmed directly; cross-contact is not assumed safe.
TO-032,Tokyo,Shinjuku,MORETHAN TAPAS LOUNGE,Buffet / Cafe,Hotel Breakfast,"Breakfast,Lunch,Dinner",Yes,Yes,Yes,No,—,Tabelog popular,Buffet cross-contact risk; ask,Some LF options,¥¥¥,Recommended,Breakfast buffet,"Convenient large-group breakfast, not a strict GF anchor.",Consider,Research,No,Not booked,Verify live,Yes,https://www.google.com/maps/search/?api=1&query=MORETHAN+TAPAS+LOUNGE+Tokyo+Japan,https://tabelog.com/en/rstLst/?sk=MORETHAN+TAPAS+LOUNGE,,,2026-07-23,Gluten-free and lactose-free accommodation must be reconfirmed directly; cross-contact is not assumed safe.
TO-033,Tokyo,Marunouchi,The Tokyo Station Hotel Atrium,Hotel Breakfast,Hotel Breakfast,Breakfast,Yes,No,No,No,—,Tabelog hotel dining,Advance dietary request,Advance dietary request,¥¥¥¥,Required,Japanese/Western breakfast,Special breakfast experience; request accommodation in writing.,Consider,Research,No,Not booked,Verify live,Yes,https://www.google.com/maps/search/?api=1&query=The+Tokyo+Station+Hotel+Atrium+Tokyo+Japan,https://tabelog.com/en/rstLst/?sk=The+Tokyo+Station+Hotel+Atrium,,,2026-07-23,Gluten-free and lactose-free accommodation must be reconfirmed directly; cross-contact is not assumed safe.
TO-034,Tokyo,Akasaka,The Capitol Hotel Tokyu ORIGAMI,Hotel Dining,Hotel Dining,"Breakfast,Lunch,Dinner",Yes,Yes,Yes,No,—,Tabelog hotel dining,Advance request recommended,Advance request recommended,¥¥¥,Recommended,Japanese breakfast / comfort food,Convenient near Akasaka; good fallback if hotel-based.,Consider,Research,No,Not booked,Verify live,No,https://www.google.com/maps/search/?api=1&query=The+Capitol+Hotel+Tokyu+ORIGAMI+Tokyo+Japan,https://tabelog.com/en/rstLst/?sk=The+Capitol+Hotel+Tokyu+ORIGAMI,,,2026-07-23,Gluten-free and lactose-free accommodation must be reconfirmed directly; cross-contact is not assumed safe.
TO-035,Tokyo,Ginza,GINZA KOSO,Wagyu / Beef,Wagyu / Beef,"Lunch,Dinner",No,Yes,Yes,No,—,Tabelog popular,Potentially adaptable; verify sauces,Usually adaptable; omit butter,¥¥¥,Recommended,Wagyu dishes,Ask for plain salt preparation.,Consider,Research,No,Not booked,Verify live,No,https://www.google.com/maps/search/?api=1&query=GINZA+KOSO+Tokyo+Japan,https://tabelog.com/en/rstLst/?sk=GINZA+KOSO,,,2026-07-23,Gluten-free and lactose-free accommodation must be reconfirmed directly; cross-contact is not assumed safe.
TO-036,Tokyo,Ebisu,Peter Luger Tokyo,Steakhouse,Steakhouse,"Lunch,Dinner",No,Yes,Yes,No,—,Tabelog popular,Steak adaptable; verify seasoning/sides,Omit butter/cream,¥¥¥¥,Required,Steak,"Not uniquely Japanese, but dietary adaptation may be easier.",Consider,Research,No,Not booked,Verify live,No,https://www.google.com/maps/search/?api=1&query=Peter+Luger+Tokyo+Tokyo+Japan,https://tabelog.com/en/rstLst/?sk=Peter+Luger+Tokyo,,,2026-07-23,Gluten-free and lactose-free accommodation must be reconfirmed directly; cross-contact is not assumed safe.
TO-037,Tokyo,Shibuya,The Bellwood,Bar food,Bar food,Dinner,No,No,Yes,No,MICHELIN Guide selection,Tabelog highly rated,Confirm dish by dish,Confirm dish by dish,¥¥¥,Recommended,Cocktails + creative bites,Late-night option; not a strict dietary anchor.,Consider,Research,No,Not booked,Verify live,No,https://www.google.com/maps/search/?api=1&query=The+Bellwood+Tokyo+Japan,https://tabelog.com/en/rstLst/?sk=The+Bellwood,https://guide.michelin.com/us/en/tokyo-region/tokyo/restaurants,,2026-07-23,Gluten-free and lactose-free accommodation must be reconfirmed directly; cross-contact is not assumed safe.
TO-038,Tokyo,Asakusa,grill GRAND,Yoshoku,Yoshoku,"Lunch,Dinner",No,Yes,Yes,No,Bib Gourmand / MICHELIN Guide,Tabelog popular,Usually difficult GF,Dairy likely; ask,¥¥,Queue/Recommended,Omurice / stew,Included for group options; not ideal for restrictions.,Consider,Research,No,Not booked,Verify live,No,https://www.google.com/maps/search/?api=1&query=grill+GRAND+Tokyo+Japan,https://tabelog.com/en/rstLst/?sk=grill+GRAND,https://guide.michelin.com/us/en/tokyo-region/tokyo/restaurants,,2026-07-23,Gluten-free and lactose-free accommodation must be reconfirmed directly; cross-contact is not assumed safe.
TO-039,Tokyo,Kanda,Kanda Matsuya,Soba,Soba,"Lunch,Dinner",No,Yes,Yes,No,MICHELIN Guide selection,Tabelog classic,Soba may contain wheat; ask about 100% buckwheat,Usually dairy-free,¥¥,Queue,Soba,Do not assume soba is gluten-free.,Consider,Research,No,Not booked,Verify live,No,https://www.google.com/maps/search/?api=1&query=Kanda+Matsuya+Tokyo+Japan,https://tabelog.com/en/rstLst/?sk=Kanda+Matsuya,https://guide.michelin.com/us/en/tokyo-region/tokyo/restaurants,,2026-07-23,Gluten-free and lactose-free accommodation must be reconfirmed directly; cross-contact is not assumed safe.
TO-040,Tokyo,Shinjuku,Omoide Yokocho yakitori stalls,Yakitori / Izakaya,Yakitori / Izakaya,Dinner,No,No,Yes,No,—,Tabelog area research,Choose salt-grilled items; cross-contact possible,Usually low dairy,¥-¥¥,No,Shio yakitori,Atmospheric but communication/cross-contact can be challenging.,Group option,Research,No,Not booked,Verify live,No,https://www.google.com/maps/search/?api=1&query=Omoide+Yokocho+yakitori+stalls+Tokyo+Japan,https://tabelog.com/en/rstLst/?sk=Omoide+Yokocho+yakitori+stalls,,,2026-07-23,Gluten-free and lactose-free accommodation must be reconfirmed directly; cross-contact is not assumed safe.
TO-041,Tokyo,Roppongi,Tsurutontan Roppongi,Udon,Udon,"Lunch,Dinner,Late Night",No,Yes,Yes,No,—,Tabelog popular,Not GF,Many dishes dairy-free,¥¥,Queue,Udon,Useful late-night group option; not GF.,Group option,Research,No,Not booked,Verify live,No,https://www.google.com/maps/search/?api=1&query=Tsurutontan+Roppongi+Tokyo+Japan,https://tabelog.com/en/rstLst/?sk=Tsurutontan+Roppongi,,,2026-07-23,Gluten-free and lactose-free accommodation must be reconfirmed directly; cross-contact is not assumed safe.
TO-042,Tokyo,Tokyo Station,Eric South Yaesu,South Indian,South Indian,"Lunch,Dinner",No,Yes,Yes,No,Bib Gourmand / MICHELIN Guide,Tabelog popular,Many rice-based dishes; verify kitchen,Often lactose-free choices; ask about ghee/yogurt,¥¥,Queue,Meals / curry set,Potentially strong casual option if ghee and cross-contact are clarified.,Top pick,Research,No,Not booked,Verify live,No,https://www.google.com/maps/search/?api=1&query=Eric+South+Yaesu+Tokyo+Japan,https://tabelog.com/en/rstLst/?sk=Eric+South+Yaesu,https://guide.michelin.com/us/en/tokyo-region/tokyo/restaurants,,2026-07-23,Gluten-free and lactose-free accommodation must be reconfirmed directly; cross-contact is not assumed safe.
KY-043,Kyoto,Nanzenji,Hyotei,Kaiseki,Kaiseki / Breakfast,"Breakfast,Lunch,Dinner",Yes,Yes,Yes,No,3★ / MICHELIN Guide,Tabelog highly rated,Confirm before booking,Confirm before booking,¥¥¥¥,Required,Traditional breakfast or kaiseki,Historic choice; breakfast is especially distinctive.,Bucket list,Research,No,Not booked,Verify live,Yes,https://www.google.com/maps/search/?api=1&query=Hyotei+Kyoto+Japan,https://tabelog.com/en/rstLst/?sk=Hyotei,https://guide.michelin.com/us/en/kyoto-region/restaurants,,2026-07-23,Gluten-free and lactose-free accommodation must be reconfirmed directly; cross-contact is not assumed safe.
KY-044,Kyoto,Higashiyama,Kikunoi Honten,Kaiseki,Kaiseki,"Lunch,Dinner",No,Yes,Yes,No,3★ / MICHELIN Guide,Tabelog highly rated,Confirm before booking,Confirm before booking,¥¥¥¥,Required,Kaiseki,Dietary changes must be arranged before booking.,Bucket list,Research,No,Not booked,Verify live,No,https://www.google.com/maps/search/?api=1&query=Kikunoi+Honten+Kyoto+Japan,https://tabelog.com/en/rstLst/?sk=Kikunoi+Honten,https://guide.michelin.com/us/en/kyoto-region/restaurants,,2026-07-23,Gluten-free and lactose-free accommodation must be reconfirmed directly; cross-contact is not assumed safe.
KY-045,Kyoto,Gion,Gion Sasaki,Japanese,Japanese,Dinner,No,No,Yes,No,3★ / MICHELIN Guide,Tabelog highly rated,Confirm before booking,Confirm before booking,¥¥¥¥,Required,Chef's menu,High-energy counter experience.,Bucket list,Research,No,Not booked,Verify live,No,https://www.google.com/maps/search/?api=1&query=Gion+Sasaki+Kyoto+Japan,https://tabelog.com/en/rstLst/?sk=Gion+Sasaki,https://guide.michelin.com/us/en/kyoto-region/restaurants,,2026-07-23,Gluten-free and lactose-free accommodation must be reconfirmed directly; cross-contact is not assumed safe.
KY-046,Kyoto,Nakagyo,Jiki Miyazawa,Kaiseki,Kaiseki,"Lunch,Dinner",No,Yes,Yes,No,1★ / MICHELIN Guide,Tabelog highly rated,Good candidate with advance confirmation,Good candidate with advance confirmation,¥¥¥¥,Required,Seasonal kaiseki,One of the strongest first kaiseki candidates.,Top pick,Research,No,Not booked,Verify live,No,https://www.google.com/maps/search/?api=1&query=Jiki+Miyazawa+Kyoto+Japan,https://tabelog.com/en/rstLst/?sk=Jiki+Miyazawa,https://guide.michelin.com/us/en/kyoto-region/restaurants,,2026-07-23,Gluten-free and lactose-free accommodation must be reconfirmed directly; cross-contact is not assumed safe.
KY-047,Kyoto,Gion,Gion Maruyama,Kaiseki,Kaiseki,"Lunch,Dinner",No,Yes,Yes,No,2★ / MICHELIN Guide,Tabelog highly rated,Confirm before booking,Confirm before booking,¥¥¥¥,Required,Kaiseki,Traditional setting and seasonal menu.,Top pick,Research,No,Not booked,Verify live,No,https://www.google.com/maps/search/?api=1&query=Gion+Maruyama+Kyoto+Japan,https://tabelog.com/en/rstLst/?sk=Gion+Maruyama,https://guide.michelin.com/us/en/kyoto-region/restaurants,,2026-07-23,Gluten-free and lactose-free accommodation must be reconfirmed directly; cross-contact is not assumed safe.
KY-048,Kyoto,Karasuma,Kiyama,Japanese,Japanese,"Lunch,Dinner",No,Yes,Yes,No,1★ / MICHELIN Guide,Tabelog highly rated,Confirm before booking,Likely adaptable; confirm,¥¥¥¥,Required,Dashi-focused menu,Ask specifically about soy sauce and dairy.,Top pick,Research,No,Not booked,Verify live,No,https://www.google.com/maps/search/?api=1&query=Kiyama+Kyoto+Japan,https://tabelog.com/en/rstLst/?sk=Kiyama,https://guide.michelin.com/us/en/kyoto-region/restaurants,,2026-07-23,Gluten-free and lactose-free accommodation must be reconfirmed directly; cross-contact is not assumed safe.
KY-049,Kyoto,Gion,Kenninji Gion Maruyama,Kaiseki,Kaiseki,"Lunch,Dinner",No,Yes,Yes,No,MICHELIN Guide,Tabelog highly rated,Confirm before booking,Confirm before booking,¥¥¥¥,Required,Kaiseki,Formal option.,Consider,Research,No,Not booked,Verify live,No,https://www.google.com/maps/search/?api=1&query=Kenninji+Gion+Maruyama+Kyoto+Japan,https://tabelog.com/en/rstLst/?sk=Kenninji+Gion+Maruyama,https://guide.michelin.com/us/en/kyoto-region/restaurants,,2026-07-23,Gluten-free and lactose-free accommodation must be reconfirmed directly; cross-contact is not assumed safe.
KY-050,Kyoto,Shimogyo,Honke Tankuma Honten,Kaiseki,Kaiseki / Breakfast,"Breakfast,Lunch,Dinner",Yes,Yes,Yes,No,MICHELIN Guide selection,Tabelog classic,Advance dietary request,Advance dietary request,¥¥¥¥,Required,Kyoto-style breakfast / kaiseki,Hotel/concierge booking may help.,Top pick,Research,No,Not booked,Verify live,Yes,https://www.google.com/maps/search/?api=1&query=Honke+Tankuma+Honten+Kyoto+Japan,https://tabelog.com/en/rstLst/?sk=Honke+Tankuma+Honten,https://guide.michelin.com/us/en/kyoto-region/restaurants,,2026-07-23,Gluten-free and lactose-free accommodation must be reconfirmed directly; cross-contact is not assumed safe.
KY-051,Kyoto,Gion,Mizai,Kaiseki,Kaiseki,Dinner,No,No,Yes,No,3★ / MICHELIN Guide,Tabelog highly rated,Restrictions may be difficult; confirm,Restrictions may be difficult; confirm,¥¥¥¥,Required,Seasonal tasting,Extremely difficult reservation.,Bucket list,Research,No,Not booked,Verify live,No,https://www.google.com/maps/search/?api=1&query=Mizai+Kyoto+Japan,https://tabelog.com/en/rstLst/?sk=Mizai,https://guide.michelin.com/us/en/kyoto-region/restaurants,,2026-07-23,Gluten-free and lactose-free accommodation must be reconfirmed directly; cross-contact is not assumed safe.
KY-052,Kyoto,Sakyo,Miyamaso,Kaiseki,Kaiseki,"Lunch,Dinner",No,Yes,Yes,No,2★ / MICHELIN Guide,Tabelog highly rated,Confirm before booking,Confirm before booking,¥¥¥¥,Required,Mountain cuisine,Remote destination meal.,Bucket list,Research,No,Not booked,Verify live,No,https://www.google.com/maps/search/?api=1&query=Miyamaso+Kyoto+Japan,https://tabelog.com/en/rstLst/?sk=Miyamaso,https://guide.michelin.com/us/en/kyoto-region/restaurants,,2026-07-23,Gluten-free and lactose-free accommodation must be reconfirmed directly; cross-contact is not assumed safe.
KY-053,Kyoto,Gion,Ogata,Japanese,Japanese,Dinner,No,No,Yes,No,2★ / MICHELIN Guide,Tabelog highly rated,Confirm before booking,Confirm before booking,¥¥¥¥,Required,Seasonal Japanese menu,Very difficult reservation.,Bucket list,Research,No,Not booked,Verify live,No,https://www.google.com/maps/search/?api=1&query=Ogata+Kyoto+Japan,https://tabelog.com/en/rstLst/?sk=Ogata,https://guide.michelin.com/us/en/kyoto-region/restaurants,,2026-07-23,Gluten-free and lactose-free accommodation must be reconfirmed directly; cross-contact is not assumed safe.
KY-054,Kyoto,Kyoto Station,KOKORO Kitchen Kyoto,Cafe / Healthy,GF Specialist,"Breakfast,Lunch,Cafe",Yes,Yes,No,Yes,—,Tabelog lists GF options,GF options listed; verify current menu,Lactose-free/vegan options likely; verify,¥¥,Recommended,Breakfast / healthy bowls,Strong practical breakfast/lunch candidate.,Top pick,Research,No,Not booked,Verify live,Yes,https://www.google.com/maps/search/?api=1&query=KOKORO+Kitchen+Kyoto+Kyoto+Japan,https://tabelog.com/en/rstLst/?sk=KOKORO+Kitchen+Kyoto,,,2026-07-23,Gluten-free and lactose-free accommodation must be reconfirmed directly; cross-contact is not assumed safe.
KY-055,Kyoto,Sanjo,CHOICE,Vegan / Gluten-free cafe,GF Specialist,"Breakfast,Lunch,Cafe,Dessert",Yes,Yes,No,Yes,—,Tabelog GF candidate,GF-focused; verify current menu,Vegan menu is lactose-free,¥¥,No/varies,Vegan cheese / sweets,Useful dietary anchor.,Top pick,Research,No,Not booked,Verify live,Yes,https://www.google.com/maps/search/?api=1&query=CHOICE+Kyoto+Japan,https://tabelog.com/en/rstLst/?sk=CHOICE,,,2026-07-23,Gluten-free and lactose-free accommodation must be reconfirmed directly; cross-contact is not assumed safe.
KY-056,Kyoto,Nishiki,Tosca,Gluten-free Italian,GF Specialist,"Lunch,Dinner",No,Yes,Yes,No,—,Tabelog GF candidate,GF-focused; verify current status,Confirm sauces/cheese-free preparation,¥¥,Recommended,Gluten-free pasta/pizza,Check current operating status and menu.,Top pick,Research,No,Not booked,Verify live,No,https://www.google.com/maps/search/?api=1&query=Tosca+Kyoto+Japan,https://tabelog.com/en/rstLst/?sk=Tosca,,,2026-07-23,Gluten-free and lactose-free accommodation must be reconfirmed directly; cross-contact is not assumed safe.
KY-057,Kyoto,Higashiyama,Waco Crepes,Gluten-free crepes,GF Specialist,"Breakfast,Lunch,Cafe,Dessert",Yes,Yes,No,Yes,—,Tabelog GF candidate,GF-focused rice-flour crepes,Ask for dairy-free fillings,¥,No,Rice-flour crepe,Good snack/breakfast candidate.,Top pick,Research,No,Not booked,Verify live,Yes,https://www.google.com/maps/search/?api=1&query=Waco+Crepes+Kyoto+Japan,https://tabelog.com/en/rstLst/?sk=Waco+Crepes,,,2026-07-23,Gluten-free and lactose-free accommodation must be reconfirmed directly; cross-contact is not assumed safe.
KY-058,Kyoto,Kyoto Station,Nakamura Tokichi Kyoto Station,Tea / Dessert,Tea / Dessert,"Breakfast,Lunch,Cafe,Dessert",Yes,Yes,No,Yes,—,Tabelog popular,Some rice/tea items may work; verify,Many desserts contain dairy,¥¥,Queue,Matcha parfait / tea,Companion-friendly; not a dietary anchor.,Consider,Research,No,Not booked,Verify live,Yes,https://www.google.com/maps/search/?api=1&query=Nakamura+Tokichi+Kyoto+Station+Kyoto+Japan,https://tabelog.com/en/rstLst/?sk=Nakamura+Tokichi+Kyoto+Station,,,2026-07-23,Gluten-free and lactose-free accommodation must be reconfirmed directly; cross-contact is not assumed safe.
KY-059,Kyoto,Gion,Tsujiri Gion Honten,Tea / Dessert,Tea / Dessert,"Breakfast,Cafe,Dessert",Yes,No,No,Yes,—,Tabelog popular,Verify ingredients,Many desserts contain dairy,¥¥,Queue,Matcha dessert,Good traditional tea stop for group.,Consider,Research,No,Not booked,Verify live,Yes,https://www.google.com/maps/search/?api=1&query=Tsujiri+Gion+Honten+Kyoto+Japan,https://tabelog.com/en/rstLst/?sk=Tsujiri+Gion+Honten,,,2026-07-23,Gluten-free and lactose-free accommodation must be reconfirmed directly; cross-contact is not assumed safe.
KY-060,Kyoto,Arashiyama,% Arabica Kyoto Arashiyama,Coffee,Coffee,"Breakfast,Cafe",Yes,No,No,Yes,—,Tabelog popular,Coffee GF; pastries vary,Black coffee LF; plant milk varies,¥,Queue,Coffee,Scenic coffee stop.,Top pick,Research,No,Not booked,Verify live,Yes,https://www.google.com/maps/search/?api=1&query=%25+Arabica+Kyoto+Arashiyama+Kyoto+Japan,https://tabelog.com/en/rstLst/?sk=%25+Arabica+Kyoto+Arashiyama,,,2026-07-23,Gluten-free and lactose-free accommodation must be reconfirmed directly; cross-contact is not assumed safe.
KY-061,Kyoto,Kyoto Station,Kurasu Kyoto Stand,Coffee,Coffee,"Breakfast,Cafe",Yes,No,No,Yes,—,Tabelog highly rated,Coffee GF; food varies,Plant milk may be available,¥,No,Coffee,Convenient early coffee.,Top pick,Research,No,Not booked,Verify live,Yes,https://www.google.com/maps/search/?api=1&query=Kurasu+Kyoto+Stand+Kyoto+Japan,https://tabelog.com/en/rstLst/?sk=Kurasu+Kyoto+Stand,,,2026-07-23,Gluten-free and lactose-free accommodation must be reconfirmed directly; cross-contact is not assumed safe.
KY-062,Kyoto,Nakagyo,Weekenders Coffee Tominokoji,Coffee,Coffee,"Breakfast,Cafe",Yes,No,No,Yes,—,Tabelog highly rated,Coffee GF,Black coffee LF,¥,No,Coffee,Destination specialty coffee.,Top pick,Research,No,Not booked,Verify live,Yes,https://www.google.com/maps/search/?api=1&query=Weekenders+Coffee+Tominokoji+Kyoto+Japan,https://tabelog.com/en/rstLst/?sk=Weekenders+Coffee+Tominokoji,,,2026-07-23,Gluten-free and lactose-free accommodation must be reconfirmed directly; cross-contact is not assumed safe.
KY-063,Kyoto,Gion,Gion Duck Noodles,Ramen,Ramen,"Lunch,Dinner",No,Yes,Yes,No,—,Tabelog highly rated,Not GF,Verify broth,¥¥,Queue,Duck ramen,For companions; not GF.,Consider,Research,No,Not booked,Verify live,No,https://www.google.com/maps/search/?api=1&query=Gion+Duck+Noodles+Kyoto+Japan,https://tabelog.com/en/rstLst/?sk=Gion+Duck+Noodles,,,2026-07-23,Gluten-free and lactose-free accommodation must be reconfirmed directly; cross-contact is not assumed safe.
KY-064,Kyoto,Nishiki,Nishiki Market seafood / tamagoyaki stalls,Market,Market,"Breakfast,Lunch",Yes,Yes,No,No,—,Tabelog area research,Choose plain items; verify sauces,Often low dairy if plain,¥-¥¥,No,"Seafood, rice, pickles",Carry allergy card and avoid shared fryers.,Top pick,Research,No,Not booked,Verify live,Yes,https://www.google.com/maps/search/?api=1&query=Nishiki+Market+seafood+%2F+tamagoyaki+stalls+Kyoto+Japan,https://tabelog.com/en/rstLst/?sk=Nishiki+Market+seafood+%2F+tamagoyaki+stalls,,,2026-07-23,Gluten-free and lactose-free accommodation must be reconfirmed directly; cross-contact is not assumed safe.
KY-065,Kyoto,Kyoto Station,Katsukura Kyoto Porta,Tonkatsu,Tonkatsu,"Lunch,Dinner",No,Yes,Yes,No,—,Tabelog popular,Standard breading not GF,Usually low dairy,¥¥,Queue,Tonkatsu,Companion option; not GF.,Group option,Research,No,Not booked,Verify live,No,https://www.google.com/maps/search/?api=1&query=Katsukura+Kyoto+Porta+Kyoto+Japan,https://tabelog.com/en/rstLst/?sk=Katsukura+Kyoto+Porta,,,2026-07-23,Gluten-free and lactose-free accommodation must be reconfirmed directly; cross-contact is not assumed safe.
KY-066,Kyoto,Shijo,Katsukura Shijo Teramachi,Tonkatsu,Tonkatsu,"Lunch,Dinner",No,Yes,Yes,No,—,Tabelog popular,Standard breading not GF,Usually low dairy,¥¥,Queue,Tonkatsu,From the user's Japan Tips; not GF.,Group option,Research,No,Not booked,Verify live,No,https://www.google.com/maps/search/?api=1&query=Katsukura+Shijo+Teramachi+Kyoto+Japan,https://tabelog.com/en/rstLst/?sk=Katsukura+Shijo+Teramachi,,,2026-07-23,Gluten-free and lactose-free accommodation must be reconfirmed directly; cross-contact is not assumed safe.
KY-067,Kyoto,Pontocho,Pontocho Robin,Japanese / Izakaya,Japanese / Izakaya,Dinner,No,No,Yes,No,—,Tabelog popular,Confirm menu and sauces,Likely adaptable,¥¥¥,Recommended,Seasonal Japanese dishes,Atmospheric group dinner.,Consider,Research,No,Not booked,Verify live,No,https://www.google.com/maps/search/?api=1&query=Pontocho+Robin+Kyoto+Japan,https://tabelog.com/en/rstLst/?sk=Pontocho+Robin,,,2026-07-23,Gluten-free and lactose-free accommodation must be reconfirmed directly; cross-contact is not assumed safe.
KY-068,Kyoto,Gion,Tempura Endo Yasaka,Tempura,Tempura,"Lunch,Dinner",No,Yes,Yes,No,MICHELIN Guide selection,Tabelog popular,Not GF in standard form; ask if special menu possible,Usually low dairy,¥¥¥¥,Required,Tempura course,Standard tempura is unsuitable for GF.,Consider,Research,No,Not booked,Verify live,No,https://www.google.com/maps/search/?api=1&query=Tempura+Endo+Yasaka+Kyoto+Japan,https://tabelog.com/en/rstLst/?sk=Tempura+Endo+Yasaka,https://guide.michelin.com/us/en/kyoto-region/restaurants,,2026-07-23,Gluten-free and lactose-free accommodation must be reconfirmed directly; cross-contact is not assumed safe.
KY-069,Kyoto,Gion,Izuu,Saba sushi,Sushi / Breakfast,"Breakfast,Lunch,Dinner",Yes,Yes,Yes,No,MICHELIN Guide selection,Tabelog classic,Confirm vinegar/soy ingredients,Naturally low dairy,¥¥¥,Queue/Recommended,Mackerel sushi,Historic Kyoto specialty.,Consider,Research,No,Not booked,Verify live,Yes,https://www.google.com/maps/search/?api=1&query=Izuu+Kyoto+Japan,https://tabelog.com/en/rstLst/?sk=Izuu,https://guide.michelin.com/us/en/kyoto-region/restaurants,,2026-07-23,Gluten-free and lactose-free accommodation must be reconfirmed directly; cross-contact is not assumed safe.
KY-070,Kyoto,Arashiyama,Shoraian,Tofu cuisine,Tofu cuisine,Lunch,No,Yes,No,No,MICHELIN Guide selection,Tabelog highly rated,Confirm soy sauce and thickeners,Many dishes naturally LF; confirm,¥¥¥,Required,Tofu kaiseki,Scenic Arashiyama lunch.,Top pick,Research,No,Not booked,Verify live,No,https://www.google.com/maps/search/?api=1&query=Shoraian+Kyoto+Japan,https://tabelog.com/en/rstLst/?sk=Shoraian,https://guide.michelin.com/us/en/kyoto-region/restaurants,,2026-07-23,Gluten-free and lactose-free accommodation must be reconfirmed directly; cross-contact is not assumed safe.
KY-071,Kyoto,Nanzenji,Okutan Nanzenji,Tofu cuisine,Tofu cuisine,Lunch,No,Yes,No,No,MICHELIN Guide selection,Tabelog classic,Confirm soy sauce and wheat,Generally low dairy,¥¥¥,Recommended,Yudofu,Traditional lunch near temples.,Consider,Research,No,Not booked,Verify live,No,https://www.google.com/maps/search/?api=1&query=Okutan+Nanzenji+Kyoto+Japan,https://tabelog.com/en/rstLst/?sk=Okutan+Nanzenji,https://guide.michelin.com/us/en/kyoto-region/restaurants,,2026-07-23,Gluten-free and lactose-free accommodation must be reconfirmed directly; cross-contact is not assumed safe.
KY-072,Kyoto,Higashiyama,Omen Kodaiji,Udon,Udon,"Lunch,Dinner",No,Yes,Yes,No,—,Tabelog popular,Not GF,Usually dairy-free,¥¥,Queue,Udon,Good group option; not GF.,Group option,Research,No,Not booked,Verify live,No,https://www.google.com/maps/search/?api=1&query=Omen+Kodaiji+Kyoto+Japan,https://tabelog.com/en/rstLst/?sk=Omen+Kodaiji,,,2026-07-23,Gluten-free and lactose-free accommodation must be reconfirmed directly; cross-contact is not assumed safe.
KY-073,Kyoto,Demachiyanagi,Demachi Futaba,Wagashi,Wagashi,"Breakfast,Lunch,Dessert",Yes,Yes,No,Yes,—,Tabelog highly rated,Rice-based sweets; verify flour/dustings,Usually lactose-free,¥,Queue,Mame daifuku,Excellent simple sweet stop.,Top pick,Research,No,Not booked,Verify live,Yes,https://www.google.com/maps/search/?api=1&query=Demachi+Futaba+Kyoto+Japan,https://tabelog.com/en/rstLst/?sk=Demachi+Futaba,,,2026-07-23,Gluten-free and lactose-free accommodation must be reconfirmed directly; cross-contact is not assumed safe.
KY-074,Kyoto,Gion,Gion Tanto,Okonomiyaki,Okonomiyaki,"Lunch,Dinner",No,Yes,Yes,No,—,Tabelog popular,Standard batter contains wheat,Cheese can be omitted,¥¥,Queue,Okonomiyaki,For companions unless GF accommodation confirmed.,Group option,Research,No,Not booked,Verify live,No,https://www.google.com/maps/search/?api=1&query=Gion+Tanto+Kyoto+Japan,https://tabelog.com/en/rstLst/?sk=Gion+Tanto,,,2026-07-23,Gluten-free and lactose-free accommodation must be reconfirmed directly; cross-contact is not assumed safe.
OS-075,Osaka,Nishi-Azabu / Nakanoshima,HAJIME,Innovative,Innovative,"Lunch,Dinner",No,Yes,Yes,No,3★ / MICHELIN Guide,Tabelog highly rated,Confirm before booking,Confirm before booking,¥¥¥¥,Required,Tasting menu,Only reserve after written dietary acceptance.,Bucket list,Research,No,Not booked,Verify live,No,https://www.google.com/maps/search/?api=1&query=HAJIME+Osaka+Japan,https://tabelog.com/en/rstLst/?sk=HAJIME,https://guide.michelin.com/us/en/osaka-region/osaka/restaurants,,2026-07-23,Gluten-free and lactose-free accommodation must be reconfirmed directly; cross-contact is not assumed safe.
OS-076,Osaka,Honmachi,La Cime,French / Japanese,French / Japanese,"Lunch,Dinner",No,Yes,Yes,No,2★ / MICHELIN Guide,Tabelog highly rated,Confirm before booking,Confirm before booking,¥¥¥¥,Required,Tasting menu,Dairy likely; detailed request essential.,Bucket list,Research,No,Not booked,Verify live,No,https://www.google.com/maps/search/?api=1&query=La+Cime+Osaka+Japan,https://tabelog.com/en/rstLst/?sk=La+Cime,https://guide.michelin.com/us/en/osaka-region/osaka/restaurants,,2026-07-23,Gluten-free and lactose-free accommodation must be reconfirmed directly; cross-contact is not assumed safe.
OS-077,Osaka,Suita,Kashiwaya Osaka Senriyama,Kaiseki,Kaiseki,"Lunch,Dinner",No,Yes,Yes,No,3★ / MICHELIN Guide,Tabelog highly rated,Confirm before booking,Confirm before booking,¥¥¥¥,Required,Kaiseki,Destination meal outside central Osaka.,Bucket list,Research,No,Not booked,Verify live,No,https://www.google.com/maps/search/?api=1&query=Kashiwaya+Osaka+Senriyama+Osaka+Japan,https://tabelog.com/en/rstLst/?sk=Kashiwaya+Osaka+Senriyama,https://guide.michelin.com/us/en/osaka-region/osaka/restaurants,,2026-07-23,Gluten-free and lactose-free accommodation must be reconfirmed directly; cross-contact is not assumed safe.
OS-078,Osaka,Matsuyamachi,Taian,Kaiseki,Kaiseki,Dinner,No,No,Yes,No,3★ / MICHELIN Guide,Tabelog highly rated,Confirm before booking,Confirm before booking,¥¥¥¥,Required,Kaiseki,Very difficult reservation.,Bucket list,Research,No,Not booked,Verify live,No,https://www.google.com/maps/search/?api=1&query=Taian+Osaka+Japan,https://tabelog.com/en/rstLst/?sk=Taian,https://guide.michelin.com/us/en/osaka-region/osaka/restaurants,,2026-07-23,Gluten-free and lactose-free accommodation must be reconfirmed directly; cross-contact is not assumed safe.
OS-079,Osaka,Sakaisuji-Hommachi,Fujiya 1935,Innovative Spanish/Japanese,Innovative Spanish/Japanese,"Lunch,Dinner",No,Yes,Yes,No,2★ / MICHELIN Guide,Tabelog highly rated,Confirm before booking,Confirm before booking,¥¥¥¥,Required,Tasting menu,Strong special-meal candidate if accommodated.,Top pick,Research,No,Not booked,Verify live,No,https://www.google.com/maps/search/?api=1&query=Fujiya+1935+Osaka+Japan,https://tabelog.com/en/rstLst/?sk=Fujiya+1935,https://guide.michelin.com/us/en/osaka-region/osaka/restaurants,,2026-07-23,Gluten-free and lactose-free accommodation must be reconfirmed directly; cross-contact is not assumed safe.
OS-080,Osaka,Nishitenma,Nishitemma Nakamura,Japanese,Japanese,Dinner,No,No,Yes,No,MICHELIN Guide selection,Tabelog highly rated,Confirm before booking,Likely adaptable; confirm,¥¥¥¥,Required,Seasonal Japanese menu,Good Japanese fine-dining candidate.,Top pick,Research,No,Not booked,Verify live,No,https://www.google.com/maps/search/?api=1&query=Nishitemma+Nakamura+Osaka+Japan,https://tabelog.com/en/rstLst/?sk=Nishitemma+Nakamura,https://guide.michelin.com/us/en/osaka-region/osaka/restaurants,,2026-07-23,Gluten-free and lactose-free accommodation must be reconfirmed directly; cross-contact is not assumed safe.
OS-081,Osaka,Fukushima,ad hoc,French,French,"Lunch,Dinner",No,Yes,Yes,No,MICHELIN Guide selection,Tabelog highly rated,Confirm before booking,Confirm before booking,¥¥¥,Required,Tasting menu,French techniques mean dairy needs explicit handling.,Consider,Research,No,Not booked,Verify live,No,https://www.google.com/maps/search/?api=1&query=ad+hoc+Osaka+Japan,https://tabelog.com/en/rstLst/?sk=ad+hoc,https://guide.michelin.com/us/en/osaka-region/osaka/restaurants,,2026-07-23,Gluten-free and lactose-free accommodation must be reconfirmed directly; cross-contact is not assumed safe.
OS-082,Osaka,Nishitenma,Oimatsu Kitagawa,Kaiseki,Kaiseki,Dinner,No,No,Yes,No,MICHELIN Guide selection,Tabelog highly rated,Confirm before booking,Confirm before booking,¥¥¥¥,Required,Kaiseki,Formal dinner option.,Consider,Research,No,Not booked,Verify live,No,https://www.google.com/maps/search/?api=1&query=Oimatsu+Kitagawa+Osaka+Japan,https://tabelog.com/en/rstLst/?sk=Oimatsu+Kitagawa,https://guide.michelin.com/us/en/osaka-region/osaka/restaurants,,2026-07-23,Gluten-free and lactose-free accommodation must be reconfirmed directly; cross-contact is not assumed safe.
OS-083,Osaka,Namba,Comeconoco Laboratory & Cafe,Gluten-free cafe,GF Specialist,"Breakfast,Lunch,Cafe,Dessert",Yes,Yes,No,Yes,—,Tabelog GF specialist,GF-focused; verify current hours/menu,Many dairy-free options; verify,¥¥,No/varies,Rice-flour bread / café food,Major practical dietary anchor.,Top pick,Research,No,Not booked,Verify live,Yes,https://www.google.com/maps/search/?api=1&query=Comeconoco+Laboratory+%26+Cafe+Osaka+Japan,https://tabelog.com/en/rstLst/?sk=Comeconoco+Laboratory+%26+Cafe,,,2026-07-23,Gluten-free and lactose-free accommodation must be reconfirmed directly; cross-contact is not assumed safe.
OS-084,Osaka,Namba,OKO - Fun Okonomiyaki Bar,Okonomiyaki,GF Specialist,"Lunch,Dinner",No,Yes,Yes,No,—,Tabelog GF candidate,Gluten-free options reported; verify kitchen,Cheese/mayo can be omitted; verify,¥¥,Recommended,GF okonomiyaki option,Strong Osaka-style food candidate if confirmed.,Top pick,Research,No,Not booked,Verify live,No,https://www.google.com/maps/search/?api=1&query=OKO+-+Fun+Okonomiyaki+Bar+Osaka+Japan,https://tabelog.com/en/rstLst/?sk=OKO+-+Fun+Okonomiyaki+Bar,,,2026-07-23,Gluten-free and lactose-free accommodation must be reconfirmed directly; cross-contact is not assumed safe.
OS-085,Osaka,Namba,Matsusakagyu Yakiniku M,Yakiniku,Yakiniku,Dinner,No,No,Yes,No,—,Tabelog popular,Plain grilled meat possible; verify sauces,Naturally LF if plain,¥¥¥,Required,Matsusaka beef,Ask for salt-only meat and separate utensils.,Top pick,Research,No,Not booked,Verify live,No,https://www.google.com/maps/search/?api=1&query=Matsusakagyu+Yakiniku+M+Osaka+Japan,https://tabelog.com/en/rstLst/?sk=Matsusakagyu+Yakiniku+M,,,2026-07-23,Gluten-free and lactose-free accommodation must be reconfirmed directly; cross-contact is not assumed safe.
OS-086,Osaka,Shinsaibashi,Yakiniku M Hozenji Yokocho,Yakiniku,Yakiniku,Dinner,No,No,Yes,No,—,Tabelog popular,Plain grilled meat possible; verify sauces,Naturally LF if plain,¥¥¥,Required,Wagyu yakiniku,Convenient Dotonbori-area dinner.,Top pick,Research,No,Not booked,Verify live,No,https://www.google.com/maps/search/?api=1&query=Yakiniku+M+Hozenji+Yokocho+Osaka+Japan,https://tabelog.com/en/rstLst/?sk=Yakiniku+M+Hozenji+Yokocho,,,2026-07-23,Gluten-free and lactose-free accommodation must be reconfirmed directly; cross-contact is not assumed safe.
OS-087,Osaka,Dotonbori,Ajinoya Honten,Okonomiyaki,Okonomiyaki,"Lunch,Dinner",No,Yes,Yes,No,Bib Gourmand / MICHELIN Guide,Tabelog highly rated,Standard batter not GF,Can omit cheese; sauces need checking,¥¥,Queue,Okonomiyaki,Classic companion choice; not GF.,Group option,Research,No,Not booked,Verify live,No,https://www.google.com/maps/search/?api=1&query=Ajinoya+Honten+Osaka+Japan,https://tabelog.com/en/rstLst/?sk=Ajinoya+Honten,https://guide.michelin.com/us/en/osaka-region/osaka/restaurants,,2026-07-23,Gluten-free and lactose-free accommodation must be reconfirmed directly; cross-contact is not assumed safe.
OS-088,Osaka,Dotonbori,Mizuno,Okonomiyaki,Okonomiyaki,"Lunch,Dinner",No,Yes,Yes,No,MICHELIN Guide selection,Tabelog highly rated,Standard batter not GF,Can omit cheese; sauces need checking,¥¥,Queue,Okonomiyaki,Famous but not suitable for GF without confirmed alternative.,Group option,Research,No,Not booked,Verify live,No,https://www.google.com/maps/search/?api=1&query=Mizuno+Osaka+Japan,https://tabelog.com/en/rstLst/?sk=Mizuno,https://guide.michelin.com/us/en/osaka-region/osaka/restaurants,,2026-07-23,Gluten-free and lactose-free accommodation must be reconfirmed directly; cross-contact is not assumed safe.
OS-089,Osaka,Namba,Takoyaki Wanaka Sennichimae,Takoyaki,Takoyaki,"Lunch,Dinner",No,Yes,Yes,No,—,Tabelog popular,Not GF,Usually low dairy; toppings vary,¥,Queue,Takoyaki,Iconic companion snack.,Group option,Research,No,Not booked,Verify live,No,https://www.google.com/maps/search/?api=1&query=Takoyaki+Wanaka+Sennichimae+Osaka+Japan,https://tabelog.com/en/rstLst/?sk=Takoyaki+Wanaka+Sennichimae,,,2026-07-23,Gluten-free and lactose-free accommodation must be reconfirmed directly; cross-contact is not assumed safe.
OS-090,Osaka,Dotonbori,Takoyaki Juhachiban,Takoyaki,Takoyaki,"Lunch,Dinner",No,Yes,Yes,No,—,Tabelog popular,Not GF,Usually low dairy; toppings vary,¥,Queue,Takoyaki,Another classic companion option.,Group option,Research,No,Not booked,Verify live,No,https://www.google.com/maps/search/?api=1&query=Takoyaki+Juhachiban+Osaka+Japan,https://tabelog.com/en/rstLst/?sk=Takoyaki+Juhachiban,,,2026-07-23,Gluten-free and lactose-free accommodation must be reconfirmed directly; cross-contact is not assumed safe.
OS-091,Osaka,Shinsekai,Yaekatsu,Kushikatsu,Kushikatsu,"Lunch,Dinner",No,Yes,Yes,No,—,Tabelog highly rated,Not GF / shared fryer,Some items LF but batter unsuitable,¥¥,Queue,Kushikatsu,Classic but not GF.,Group option,Research,No,Not booked,Verify live,No,https://www.google.com/maps/search/?api=1&query=Yaekatsu+Osaka+Japan,https://tabelog.com/en/rstLst/?sk=Yaekatsu,,,2026-07-23,Gluten-free and lactose-free accommodation must be reconfirmed directly; cross-contact is not assumed safe.
OS-092,Osaka,Kuromon,Kuromon Market seafood stalls,Seafood / Market,Market,"Breakfast,Lunch",Yes,Yes,No,No,—,Tabelog area research,Choose plain sashimi/grilled seafood; verify sauces,Mostly easy if plain,¥-¥¥¥,No,Seafood / fruit,Useful flexible breakfast/lunch zone.,Top pick,Research,No,Not booked,Verify live,Yes,https://www.google.com/maps/search/?api=1&query=Kuromon+Market+seafood+stalls+Osaka+Japan,https://tabelog.com/en/rstLst/?sk=Kuromon+Market+seafood+stalls,,,2026-07-23,Gluten-free and lactose-free accommodation must be reconfirmed directly; cross-contact is not assumed safe.
OS-093,Osaka,Namba,Endo Sushi Kyobashi,Sushi,Sushi / Breakfast,"Breakfast,Lunch",Yes,Yes,No,No,—,Tabelog highly rated,Confirm soy sauce/marinades,Naturally low dairy,¥¥,Queue,Sushi breakfast,Classic early sushi option.,Top pick,Research,No,Not booked,Verify live,Yes,https://www.google.com/maps/search/?api=1&query=Endo+Sushi+Kyobashi+Osaka+Japan,https://tabelog.com/en/rstLst/?sk=Endo+Sushi+Kyobashi,,,2026-07-23,Gluten-free and lactose-free accommodation must be reconfirmed directly; cross-contact is not assumed safe.
OS-094,Osaka,Umeda,The City Bakery Grand Front Osaka,Cafe / Bakery,Cafe,"Breakfast,Lunch,Cafe",Yes,Yes,No,Yes,—,Tabelog popular,Limited GF,Plant milk/omit dairy varies,¥¥,No,Coffee / breakfast,Companion-friendly breakfast.,Backup,Research,No,Not booked,Verify live,Yes,https://www.google.com/maps/search/?api=1&query=The+City+Bakery+Grand+Front+Osaka+Osaka+Japan,https://tabelog.com/en/rstLst/?sk=The+City+Bakery+Grand+Front+Osaka,,,2026-07-23,Gluten-free and lactose-free accommodation must be reconfirmed directly; cross-contact is not assumed safe.
OS-095,Osaka,Kitahama,Brooklyn Roasting Company Kitahama,Coffee,Coffee,"Breakfast,Cafe",Yes,No,No,Yes,—,Tabelog popular,Coffee GF; food varies,Plant milk may be available,¥,No,Coffee,Scenic riverfront coffee.,Top pick,Research,No,Not booked,Verify live,Yes,https://www.google.com/maps/search/?api=1&query=Brooklyn+Roasting+Company+Kitahama+Osaka+Japan,https://tabelog.com/en/rstLst/?sk=Brooklyn+Roasting+Company+Kitahama,,,2026-07-23,Gluten-free and lactose-free accommodation must be reconfirmed directly; cross-contact is not assumed safe.
OS-096,Osaka,Nishi,Mel Coffee Roasters,Coffee,Coffee,"Breakfast,Cafe",Yes,No,No,Yes,—,Tabelog highly rated,Coffee GF,Black coffee LF,¥,No,Coffee,Excellent specialty coffee.,Top pick,Research,No,Not booked,Verify live,Yes,https://www.google.com/maps/search/?api=1&query=Mel+Coffee+Roasters+Osaka+Japan,https://tabelog.com/en/rstLst/?sk=Mel+Coffee+Roasters,,,2026-07-23,Gluten-free and lactose-free accommodation must be reconfirmed directly; cross-contact is not assumed safe.
OS-097,Osaka,Shinsaibashi,LiLo Coffee Roasters,Coffee,Coffee,"Breakfast,Cafe",Yes,No,No,Yes,—,Tabelog highly rated,Coffee GF,Black coffee LF,¥,No,Coffee,Easy coffee stop near shopping.,Top pick,Research,No,Not booked,Verify live,Yes,https://www.google.com/maps/search/?api=1&query=LiLo+Coffee+Roasters+Osaka+Japan,https://tabelog.com/en/rstLst/?sk=LiLo+Coffee+Roasters,,,2026-07-23,Gluten-free and lactose-free accommodation must be reconfirmed directly; cross-contact is not assumed safe.
OS-098,Osaka,Nakazakicho,Cafe Arabiq,Cafe,Cafe,"Breakfast,Lunch,Cafe,Dessert",Yes,Yes,No,Yes,—,Tabelog popular,Limited GF,Dairy common in desserts,¥¥,No,Coffee / cake,Atmospheric companion café.,Consider,Research,No,Not booked,Verify live,Yes,https://www.google.com/maps/search/?api=1&query=Cafe+Arabiq+Osaka+Japan,https://tabelog.com/en/rstLst/?sk=Cafe+Arabiq,,,2026-07-23,Gluten-free and lactose-free accommodation must be reconfirmed directly; cross-contact is not assumed safe.
OS-099,Osaka,Namba,Rikuro Ojisan no Mise,Cheesecake,Dessert,"Breakfast,Lunch,Dessert",Yes,Yes,No,Yes,—,Tabelog iconic,Not GF,Contains lactose/dairy,¥,Queue,Cheesecake,Included for companions; not dietary-safe.,Group option,Research,No,Not booked,Verify live,Yes,https://www.google.com/maps/search/?api=1&query=Rikuro+Ojisan+no+Mise+Osaka+Japan,https://tabelog.com/en/rstLst/?sk=Rikuro+Ojisan+no+Mise,,,2026-07-23,Gluten-free and lactose-free accommodation must be reconfirmed directly; cross-contact is not assumed safe.
OS-100,Osaka,Umeda,Harukoma Sushi,Sushi,Sushi,"Lunch,Dinner",No,Yes,Yes,No,—,Tabelog popular,Confirm soy sauce/marinades,Naturally low dairy,¥¥,Queue,Sushi,High-value casual sushi.,Consider,Research,No,Not booked,Verify live,No,https://www.google.com/maps/search/?api=1&query=Harukoma+Sushi+Osaka+Japan,https://tabelog.com/en/rstLst/?sk=Harukoma+Sushi,,,2026-07-23,Gluten-free and lactose-free accommodation must be reconfirmed directly; cross-contact is not assumed safe.
OS-101,Osaka,Namba,Sushi Sennin,Sushi,Sushi,"Lunch,Dinner",No,Yes,Yes,No,—,Tabelog candidate,Confirm soy sauce/marinades,Naturally low dairy,¥¥,Recommended,Sushi,Backup casual sushi candidate.,Consider,Research,No,Not booked,Verify live,No,https://www.google.com/maps/search/?api=1&query=Sushi+Sennin+Osaka+Japan,https://tabelog.com/en/rstLst/?sk=Sushi+Sennin,,,2026-07-23,Gluten-free and lactose-free accommodation must be reconfirmed directly; cross-contact is not assumed safe.
OS-102,Osaka,Fukushima,Moeyo Mensuke,Ramen,Ramen,"Lunch,Dinner",No,Yes,Yes,No,—,Tabelog highly rated,Not GF,Verify broth,¥¥,Queue,Duck ramen,For companions; not GF.,Group option,Research,No,Not booked,Verify live,No,https://www.google.com/maps/search/?api=1&query=Moeyo+Mensuke+Osaka+Japan,https://tabelog.com/en/rstLst/?sk=Moeyo+Mensuke,,,2026-07-23,Gluten-free and lactose-free accommodation must be reconfirmed directly; cross-contact is not assumed safe.
OS-103,Osaka,Namba,Jiyuken Namba Honten,Curry,Curry,"Lunch,Dinner",No,Yes,Yes,No,—,Tabelog classic,Usually not GF; roux contains wheat,May contain dairy,¥,Queue,Mixed curry,Historic companion option.,Group option,Research,No,Not booked,Verify live,No,https://www.google.com/maps/search/?api=1&query=Jiyuken+Namba+Honten+Osaka+Japan,https://tabelog.com/en/rstLst/?sk=Jiyuken+Namba+Honten,,,2026-07-23,Gluten-free and lactose-free accommodation must be reconfirmed directly; cross-contact is not assumed safe.
OS-104,Osaka,Umeda,Indian Curry Umeda,Japanese curry,Japanese curry,"Lunch,Dinner",No,Yes,Yes,No,—,Tabelog classic,Not GF in standard form,May contain dairy,¥,Queue,Curry,For companions.,Group option,Research,No,Not booked,Verify live,No,https://www.google.com/maps/search/?api=1&query=Indian+Curry+Umeda+Osaka+Japan,https://tabelog.com/en/rstLst/?sk=Indian+Curry+Umeda,,,2026-07-23,Gluten-free and lactose-free accommodation must be reconfirmed directly; cross-contact is not assumed safe.
OS-105,Osaka,Tenma,Sushiroku,Sushi,Sushi,"Lunch,Dinner",No,Yes,Yes,No,—,Tabelog candidate,Confirm soy sauce/marinades,Naturally low dairy,¥¥¥,Recommended,Sushi course,Potential mid-range reservation.,Consider,Research,No,Not booked,Verify live,No,https://www.google.com/maps/search/?api=1&query=Sushiroku+Osaka+Japan,https://tabelog.com/en/rstLst/?sk=Sushiroku,,,2026-07-23,Gluten-free and lactose-free accommodation must be reconfirmed directly; cross-contact is not assumed safe.
OS-106,Osaka,Nakanoshima,40 Sky Bar & Lounge,Hotel Cafe / View,Hotel Dining,"Breakfast,Lunch,Cafe,Dinner",Yes,Yes,Yes,Yes,—,Tabelog hotel dining,Advance request recommended,Advance request recommended,¥¥¥,Recommended,View + meal,Good group rest stop with hotel support.,Consider,Research,No,Not booked,Verify live,Yes,https://www.google.com/maps/search/?api=1&query=40+Sky+Bar+%26+Lounge+Osaka+Japan,https://tabelog.com/en/rstLst/?sk=40+Sky+Bar+%26+Lounge,,,2026-07-23,Gluten-free and lactose-free accommodation must be reconfirmed directly; cross-contact is not assumed safe.
HA-107,Hakone,Gora,Gora Kadan,Ryokan kaiseki,Ryokan,"Breakfast,Dinner",Yes,No,Yes,No,MICHELIN Key hotel / restaurant research,Tabelog ryokan research,Must confirm before booking,Must confirm before booking,¥¥¥¥,Required,Ryokan dinner + breakfast,Ask for written GF and lactose-free confirmation before paying.,Bucket list,Research,No,Not booked,Verify live,Yes,https://www.google.com/maps/search/?api=1&query=Gora+Kadan+Hakone+Japan,https://tabelog.com/en/rstLst/?sk=Gora+Kadan,https://guide.michelin.com/us/en/kanagawa-region/restaurants,,2026-07-23,Gluten-free and lactose-free accommodation must be reconfirmed directly; cross-contact is not assumed safe.
HA-108,Hakone,Gora,FUFU Hakone,Ryokan dining,Ryokan,"Breakfast,Dinner",Yes,No,Yes,No,—,Tabelog ryokan research,Must confirm before booking,Must confirm before booking,¥¥¥¥,Required,Ryokan dinner + breakfast,Modern luxury candidate; verify meal flexibility.,Top pick,Research,No,Not booked,Verify live,Yes,https://www.google.com/maps/search/?api=1&query=FUFU+Hakone+Hakone+Japan,https://tabelog.com/en/rstLst/?sk=FUFU+Hakone,,,2026-07-23,Gluten-free and lactose-free accommodation must be reconfirmed directly; cross-contact is not assumed safe.
HA-109,Hakone,Miyanoshita,Hakone Ginyu,Ryokan kaiseki,Ryokan,"Breakfast,Dinner",Yes,No,Yes,No,—,Tabelog ryokan research,Must confirm before booking,Must confirm before booking,¥¥¥¥,Required,Ryokan meal + view,Hard reservation; dietary acceptance essential.,Bucket list,Research,No,Not booked,Verify live,Yes,https://www.google.com/maps/search/?api=1&query=Hakone+Ginyu+Hakone+Japan,https://tabelog.com/en/rstLst/?sk=Hakone+Ginyu,,,2026-07-23,Gluten-free and lactose-free accommodation must be reconfirmed directly; cross-contact is not assumed safe.
HA-110,Hakone,Miyanoshita,Fujiya Hotel The Fujiya,Hotel Dining,Hotel Dining,"Breakfast,Lunch,Dinner",Yes,Yes,Yes,No,—,Tabelog hotel dining,Advance request recommended,Advance request recommended,¥¥¥,Recommended,Classic hotel breakfast / curry,Hotel kitchens may be easier for detailed requests.,Consider,Research,No,Not booked,Verify live,Yes,https://www.google.com/maps/search/?api=1&query=Fujiya+Hotel+The+Fujiya+Hakone+Japan,https://tabelog.com/en/rstLst/?sk=Fujiya+Hotel+The+Fujiya,,,2026-07-23,Gluten-free and lactose-free accommodation must be reconfirmed directly; cross-contact is not assumed safe.
HA-111,Hakone,Gora,Itoh Dining by NOBU,Teppanyaki,Teppanyaki,"Lunch,Dinner",No,Yes,Yes,No,—,Tabelog popular,Plain grilled items possible; verify sauces,Omit butter; confirm,¥¥¥,Required,Wagyu / teppanyaki,Potentially adaptable special meal.,Top pick,Research,No,Not booked,Verify live,No,https://www.google.com/maps/search/?api=1&query=Itoh+Dining+by+NOBU+Hakone+Japan,https://tabelog.com/en/rstLst/?sk=Itoh+Dining+by+NOBU,,,2026-07-23,Gluten-free and lactose-free accommodation must be reconfirmed directly; cross-contact is not assumed safe.
HA-112,Hakone,Gora,Gyoza Center,Gyoza,Gyoza,"Lunch,Dinner",No,Yes,Yes,No,—,Tabelog popular,Not GF,Some fillings LF; wrappers not,¥¥,Queue,Gyoza,"Fun group option, not GF.",Group option,Research,No,Not booked,Verify live,No,https://www.google.com/maps/search/?api=1&query=Gyoza+Center+Hakone+Japan,https://tabelog.com/en/rstLst/?sk=Gyoza+Center,,,2026-07-23,Gluten-free and lactose-free accommodation must be reconfirmed directly; cross-contact is not assumed safe.
HA-113,Hakone,Gora,Tamura Ginkatsutei,Tofu cutlet,Tofu cutlet,"Lunch,Dinner",No,Yes,Yes,No,—,Tabelog highly rated,Breading/sauce likely contain gluten,Dairy generally limited,¥¥,Queue,Tofu katsuni,Popular local specialty; not a GF anchor.,Group option,Research,No,Not booked,Verify live,No,https://www.google.com/maps/search/?api=1&query=Tamura+Ginkatsutei+Hakone+Japan,https://tabelog.com/en/rstLst/?sk=Tamura+Ginkatsutei,,,2026-07-23,Gluten-free and lactose-free accommodation must be reconfirmed directly; cross-contact is not assumed safe.
HA-114,Hakone,Gora,WPÜ DINING Hakone,Cafe / Yoshoku,GF Candidate,"Breakfast,Lunch,Dinner,Cafe",Yes,Yes,Yes,Yes,—,Tabelog lists GF options,GF options listed; verify current menu,LF/vegan options may be available,¥¥,Recommended,Breakfast / café meals,Useful flexible Gora option.,Top pick,Research,No,Not booked,Verify live,Yes,https://www.google.com/maps/search/?api=1&query=WP%C3%9C+DINING+Hakone+Hakone+Japan,https://tabelog.com/en/rstLst/?sk=WP%C3%9C+DINING+Hakone,,,2026-07-23,Gluten-free and lactose-free accommodation must be reconfirmed directly; cross-contact is not assumed safe.
HA-115,Hakone,Gora,Isshiki-do Saro,Cafe / Sandwiches,Cafe,"Breakfast,Lunch,Cafe,Dessert",Yes,Yes,No,Yes,—,Tabelog popular,Limited GF,Dairy common,¥¥,No,Sandwich / soft serve,Companion café near Gora.,Consider,Research,No,Not booked,Verify live,Yes,https://www.google.com/maps/search/?api=1&query=Isshiki-do+Saro+Hakone+Japan,https://tabelog.com/en/rstLst/?sk=Isshiki-do+Saro,,,2026-07-23,Gluten-free and lactose-free accommodation must be reconfirmed directly; cross-contact is not assumed safe.
HA-116,Hakone,Hakone-Yumoto,Hatsuhana Soba Honten,Soba,Soba,"Lunch,Dinner",No,Yes,Yes,No,—,Tabelog highly rated,Soba may contain wheat; verify 100% buckwheat,Usually LF,¥¥,Queue,Soba,Do not assume gluten-free.,Consider,Research,No,Not booked,Verify live,No,https://www.google.com/maps/search/?api=1&query=Hatsuhana+Soba+Honten+Hakone+Japan,https://tabelog.com/en/rstLst/?sk=Hatsuhana+Soba+Honten,,,2026-07-23,Gluten-free and lactose-free accommodation must be reconfirmed directly; cross-contact is not assumed safe.
HA-117,Hakone,Hakone-Yumoto,Yubadon Naokichi,Tofu / Japanese,Tofu / Japanese,Lunch,No,Yes,No,No,—,Tabelog popular,Confirm soy sauce and thickeners,Usually low dairy,¥¥,Queue,Yuba rice bowl,Potentially adaptable with communication.,Consider,Research,No,Not booked,Verify live,No,https://www.google.com/maps/search/?api=1&query=Yubadon+Naokichi+Hakone+Japan,https://tabelog.com/en/rstLst/?sk=Yubadon+Naokichi,,,2026-07-23,Gluten-free and lactose-free accommodation must be reconfirmed directly; cross-contact is not assumed safe.
HA-118,Hakone,Hakone-Yumoto,808 Monsmare,Pizza / Italian,Pizza / Italian,"Lunch,Dinner",No,Yes,Yes,No,—,Tabelog popular,Standard pizza not GF,Cheese/dairy heavy,¥¥,Recommended,Wood-fired pizza,Companion option.,Group option,Research,No,Not booked,Verify live,No,https://www.google.com/maps/search/?api=1&query=808+Monsmare+Hakone+Japan,https://tabelog.com/en/rstLst/?sk=808+Monsmare,,,2026-07-23,Gluten-free and lactose-free accommodation must be reconfirmed directly; cross-contact is not assumed safe.
HA-119,Hakone,Moto-Hakone,Bakery & Table Hakone,Bakery / Cafe,Cafe,"Breakfast,Lunch,Cafe,Dessert",Yes,Yes,No,Yes,—,Tabelog popular,Limited GF,Dairy common,¥¥,Queue,Bread / lake view,Great setting for companions.,Consider,Research,No,Not booked,Verify live,Yes,https://www.google.com/maps/search/?api=1&query=Bakery+%26+Table+Hakone+Hakone+Japan,https://tabelog.com/en/rstLst/?sk=Bakery+%26+Table+Hakone,,,2026-07-23,Gluten-free and lactose-free accommodation must be reconfirmed directly; cross-contact is not assumed safe.
HA-120,Hakone,Moto-Hakone,La Terrazza Ashinoko,Italian,Italian,"Lunch,Dinner",No,Yes,Yes,No,—,Tabelog popular,Standard pizza/pasta not GF,Dairy common; ask,¥¥¥,Recommended,Pizza / lake view,"Scenic lunch, not a dietary anchor.",Consider,Research,No,Not booked,Verify live,No,https://www.google.com/maps/search/?api=1&query=La+Terrazza+Ashinoko+Hakone+Japan,https://tabelog.com/en/rstLst/?sk=La+Terrazza+Ashinoko,,,2026-07-23,Gluten-free and lactose-free accommodation must be reconfirmed directly; cross-contact is not assumed safe.
HA-121,Hakone,Sengokuhara,Hakone Sushi,Sushi,Sushi,"Lunch,Dinner",No,Yes,Yes,No,—,Tabelog candidate,Confirm soy sauce/marinades,Naturally low dairy,¥¥¥,Recommended,Sushi,Potential dietary-friendly format if confirmed.,Consider,Research,No,Not booked,Verify live,No,https://www.google.com/maps/search/?api=1&query=Hakone+Sushi+Hakone+Japan,https://tabelog.com/en/rstLst/?sk=Hakone+Sushi,,,2026-07-23,Gluten-free and lactose-free accommodation must be reconfirmed directly; cross-contact is not assumed safe.
HA-122,Hakone,Sengokuhara,Albergo Bamboo,Italian,Italian,"Lunch,Dinner",No,Yes,Yes,No,—,Tabelog candidate,Confirm availability,Omit dairy where possible,¥¥¥,Required,Italian course,Advance communication essential.,Consider,Research,No,Not booked,Verify live,No,https://www.google.com/maps/search/?api=1&query=Albergo+Bamboo+Hakone+Japan,https://tabelog.com/en/rstLst/?sk=Albergo+Bamboo,,,2026-07-23,Gluten-free and lactose-free accommodation must be reconfirmed directly; cross-contact is not assumed safe.
HA-123,Hakone,Sengokuhara,The Dining Shikisai,Hotel Dining,Hotel Dining,"Breakfast,Lunch,Dinner",Yes,Yes,Yes,No,—,Tabelog hotel dining,Advance request recommended,Advance request recommended,¥¥¥,Recommended,Japanese/Western hotel meal,Hotel support may help with restrictions.,Consider,Research,No,Not booked,Verify live,Yes,https://www.google.com/maps/search/?api=1&query=The+Dining+Shikisai+Hakone+Japan,https://tabelog.com/en/rstLst/?sk=The+Dining+Shikisai,,,2026-07-23,Gluten-free and lactose-free accommodation must be reconfirmed directly; cross-contact is not assumed safe.
HA-124,Hakone,Lake Ashi,Hakone Hotel Il Miraggio,French / Hotel Dining,Hotel Dining,"Breakfast,Lunch,Dinner",Yes,Yes,Yes,No,—,Tabelog hotel dining,Advance request required,Advance request required,¥¥¥,Required,Lake-view meal,Dairy-heavy cuisine; only with confirmed accommodation.,Consider,Research,No,Not booked,Verify live,Yes,https://www.google.com/maps/search/?api=1&query=Hakone+Hotel+Il+Miraggio+Hakone+Japan,https://tabelog.com/en/rstLst/?sk=Hakone+Hotel+Il+Miraggio,,,2026-07-23,Gluten-free and lactose-free accommodation must be reconfirmed directly; cross-contact is not assumed safe.
HA-125,Hakone,Hakone-Yumoto,Coffee Camp,Coffee / Cafe,Coffee,"Breakfast,Lunch,Cafe",Yes,Yes,No,Yes,—,Tabelog popular,Coffee GF; food varies,Plant milk/black coffee; verify,¥,No,Coffee / breakfast,Good morning coffee stop.,Top pick,Research,No,Not booked,Verify live,Yes,https://www.google.com/maps/search/?api=1&query=Coffee+Camp+Hakone+Japan,https://tabelog.com/en/rstLst/?sk=Coffee+Camp,,,2026-07-23,Gluten-free and lactose-free accommodation must be reconfirmed directly; cross-contact is not assumed safe.
HA-126,Hakone,Miyanoshita,NARAYA CAFE,Cafe,Cafe,"Breakfast,Lunch,Cafe,Dessert",Yes,Yes,No,Yes,—,Tabelog popular,Limited GF; ask,Dairy common; drinks may adapt,¥¥,No,Footbath café / monaka,Atmospheric stop for companions.,Consider,Research,No,Not booked,Verify live,Yes,https://www.google.com/maps/search/?api=1&query=NARAYA+CAFE+Hakone+Japan,https://tabelog.com/en/rstLst/?sk=NARAYA+CAFE,,,2026-07-23,Gluten-free and lactose-free accommodation must be reconfirmed directly; cross-contact is not assumed safe.
HA-127,Hakone,Gora,Cafe Pic,Cafe,Cafe,"Breakfast,Lunch,Cafe,Dessert",Yes,Yes,No,Yes,—,Tabelog candidate,Limited GF,Dairy common,¥¥,No,Coffee / sweets,Museum-area rest stop.,Consider,Research,No,Not booked,Verify live,Yes,https://www.google.com/maps/search/?api=1&query=Cafe+Pic+Hakone+Japan,https://tabelog.com/en/rstLst/?sk=Cafe+Pic,,,2026-07-23,Gluten-free and lactose-free accommodation must be reconfirmed directly; cross-contact is not assumed safe.
HA-128,Hakone,Owakudani,Owakudani station food hall,Snacks / Casual,Snack,"Breakfast,Lunch",Yes,Yes,No,No,—,Tabelog area research,Plain eggs may work; verify other foods,Plain eggs LF,¥,No,Black eggs,Simple sightseeing snack; ingredient-check everything else.,Backup,Research,No,Not booked,Verify live,Yes,https://www.google.com/maps/search/?api=1&query=Owakudani+station+food+hall+Hakone+Japan,https://tabelog.com/en/rstLst/?sk=Owakudani+station+food+hall,,,2026-07-23,Gluten-free and lactose-free accommodation must be reconfirmed directly; cross-contact is not assumed safe.
